fecha,nino12,nino3,nino34,nino4
2026-01-01,-0.9120000004768372,-1.0199999809265137,-0.6330000162124634,0.010999999940395355
2026-01-02,-0.9369999766349792,-1.0789999961853027,-0.6430000066757202,0.057999998331069946
2026-01-03,-0.9020000100135803,-1.090999960899353,-0.6449999809265137,0.10000000149011612
2026-01-04,-0.8579999804496765,-1.0980000495910645,-0.6710000038146973,0.09300000220537186
2026-01-05,-0.8069999814033508,-1.1130000352859497,-0.7139999866485596,0.024000000208616257
2026-01-06,-0.7459999918937683,-1.100000023841858,-0.7390000224113464,0.019999999552965164
2026-01-07,-0.6340000033378601,-1.0490000247955322,-0.7580000162124634,-0.013000000268220901
2026-01-08,-0.5370000004768372,-0.9679999947547913,-0.7580000162124634,-0.08500000089406967
2026-01-09,-0.4020000100135803,-0.875,-0.7710000276565552,-0.11800000071525574
2026-01-10,-0.2669999897480011,-0.7630000114440918,-0.7559999823570251,-0.1289999932050705
2026-01-11,-0.22100000083446503,-0.6539999842643738,-0.7279999852180481,-0.15800000727176666
2026-01-12,-0.18400000035762787,-0.5830000042915344,-0.7110000252723694,-0.15199999511241913
2026-01-13,-0.17599999904632568,-0.5149999856948853,-0.6959999799728394,-0.15000000596046448
2026-01-14,-0.15399999916553497,-0.4650000035762787,-0.6819999814033508,-0.10000000149011612
2026-01-15,-0.11599999666213989,-0.40799999237060547,-0.6620000004768372,-0.06700000166893005
2026-01-16,-0.09000000357627869,-0.3569999933242798,-0.6159999966621399,-0.07900000363588333
2026-01-17,-0.08900000154972076,-0.30300000309944153,-0.5630000233650208,-0.06499999761581421
2026-01-18,-0.11599999666213989,-0.25999999046325684,-0.5339999794960022,-0.03999999910593033
2026-01-19,-0.1080000028014183,-0.257999986410141,-0.5320000052452087,-0.004000000189989805
2026-01-20,-0.05000000074505806,-0.25999999046325684,-0.5320000052452087,0.04899999871850014
2026-01-21,-0.004000000189989805,-0.2680000066757202,-0.5370000004768372,0.10000000149011612
2026-01-22,0.026000000536441803,-0.2669999897480011,-0.5320000052452087,0.1599999964237213
2026-01-23,0.0949999988079071,-0.26499998569488525,-0.5139999985694885,0.2199999988079071
2026-01-24,0.1459999978542328,-0.2619999945163727,-0.5040000081062317,0.2370000034570694
2026-01-25,0.22499999403953552,-0.2619999945163727,-0.5049999952316284,0.1679999977350235
2026-01-26,0.34599998593330383,-0.3089999854564667,-0.5130000114440918,0.14900000393390656
2026-01-27,0.3799999952316284,-0.3449999988079071,-0.5059999823570251,0.14800000190734863
2026-01-28,0.3720000088214874,-0.3779999911785126,-0.5509999990463257,0.09200000017881393
2026-01-29,0.36399999260902405,-0.39800000190734863,-0.6159999966621399,-0.05999999865889549
2026-01-30,0.42500001192092896,-0.37299999594688416,-0.6489999890327454,-0.039000000804662704
2026-01-31,0.4690000116825104,-0.3140000104904175,-0.6359999775886536,-0.03700000047683716
2026-02-01,0.5540000200271606,-0.2939999997615814,-0.6119999885559082,-0.052000001072883606
2026-02-02,0.6980000138282776,-0.2630000114440918,-0.5730000138282776,-0.04899999871850014
2026-02-03,0.7089999914169312,-0.21299999952316284,-0.5440000295639038,-0.012000000104308128
2026-02-04,0.800000011920929,-0.1679999977350235,-0.5239999890327454,0.03200000151991844
2026-02-05,0.7990000247955322,-0.14000000059604645,-0.49000000953674316,0.057999998331069946
2026-02-06,0.8149999976158142,-0.13899999856948853,-0.46399998664855957,0.09099999815225601
2026-02-07,0.8809999823570251,-0.1120000034570694,-0.4269999861717224,0.13199999928474426
2026-02-08,0.9039999842643738,-0.09300000220537186,-0.3889999985694885,0.15600000321865082
2026-02-09,0.8510000109672546,-0.08100000023841858,-0.35100001096725464,0.19599999487400055
2026-02-10,0.8790000081062317,-0.08299999684095383,-0.30000001192092896,0.25
2026-02-11,0.9179999828338623,-0.05400000140070915,-0.2409999966621399,0.3089999854564667
2026-02-12,0.8989999890327454,-0.0010000000474974513,-0.1889999955892563,0.37700000405311584
2026-02-13,0.9440000057220459,0.0430000014603138,-0.16300000250339508,0.3919999897480011
2026-02-14,0.953000009059906,0.024000000208616257,-0.17299999296665192,0.3869999945163727
2026-02-15,1.0499999523162842,-0.010999999940395355,-0.19300000369548798,0.3790000081062317
2026-02-16,1.1710000038146973,-0.012000000104308128,-0.1850000023841858,0.34599998593330383
2026-02-17,1.319000005722046,-0.004999999888241291,-0.164000004529953,0.30300000309944153
2026-02-18,1.3609999418258667,0.006000000052154064,-0.12399999797344208,0.296999990940094
2026-02-19,1.378999948501587,0.05299999937415123,-0.09300000220537186,0.3190000057220459
2026-02-20,1.3930000066757202,0.08699999749660492,-0.0729999989271164,0.36399999260902405
2026-02-21,1.375,0.10000000149011612,-0.05700000002980232,0.41200000047683716
2026-02-22,1.3980000019073486,0.11100000143051147,-0.05400000140070915,0.4359999895095825
2026-02-23,1.3849999904632568,0.08500000089406967,-0.08500000089406967,0.4620000123977661
2026-02-24,1.2960000038146973,0.019999999552965164,-0.14399999380111694,0.42500001192092896
2026-02-25,1.25,-0.003000000026077032,-0.15199999511241913,0.38600000739097595
2026-02-26,1.3079999685287476,-0.023000000044703484,-0.1550000011920929,0.3610000014305115
2026-02-27,1.371000051498413,-0.03500000014901161,-0.17599999904632568,0.30399999022483826
2026-02-28,1.3589999675750732,-0.004000000189989805,-0.19300000369548798,0.24500000476837158
2026-03-01,1.3630000352859497,0.041999999433755875,-0.20200000703334808,0.18799999356269836
2026-03-02,1.312000036239624,0.10400000214576721,-0.19599999487400055,0.17900000512599945
2026-03-03,1.309999942779541,0.14900000393390656,-0.1889999955892563,0.1850000023841858
2026-03-04,1.3519999980926514,0.21299999952316284,-0.1850000023841858,0.16500000655651093
2026-03-05,1.4210000038146973,0.2639999985694885,-0.18199999630451202,0.1720000058412552
2026-03-06,1.253000020980835,0.36399999260902405,0.02199999988079071,0.2939999997615814
2026-03-07,1.590999960899353,0.37700000405311584,-0.12099999934434891,0.17100000381469727
2026-03-08,1.7359999418258667,0.41100001335144043,-0.09799999743700027,0.18000000715255737
2026-03-09,1.815999984741211,0.4429999887943268,-0.08299999684095383,0.16699999570846558
2026-03-10,1.7170000076293945,0.4690000116825104,-0.0729999989271164,0.18799999356269836
2026-03-11,1.6050000190734863,0.4819999933242798,-0.07100000232458115,0.20900000631809235
2026-03-12,1.6469999551773071,0.4950000047683716,-0.0820000022649765,0.1979999989271164
2026-03-13,1.6380000114440918,0.47600001096725464,-0.09600000083446503,0.19499999284744263
2026-03-14,1.590999960899353,0.41600000858306885,-0.08799999952316284,0.2150000035762787
2026-03-15,1.5750000476837158,0.37400001287460327,-0.05299999937415123,0.2630000114440918
2026-03-16,1.559000015258789,0.35100001096725464,0.009999999776482582,0.33500000834465027
2026-03-17,1.6109999418258667,0.40799999237060547,0.06800000369548798,0.36399999260902405
2026-03-18,1.6449999809265137,0.4230000078678131,0.11500000208616257,0.35899999737739563
2026-03-19,1.684000015258789,0.38999998569488525,0.1379999965429306,0.3409999907016754
2026-03-20,1.6920000314712524,0.36800000071525574,0.1379999965429306,0.33799999952316284
2026-03-21,1.6829999685287476,0.3799999952316284,0.13899999856948853,0.375
2026-03-22,1.6640000343322754,0.39899998903274536,0.1809999942779541,0.4569999873638153
2026-03-23,1.6629999876022339,0.3919999897480011,0.24799999594688416,0.5899999737739563
2026-03-24,1.5299999713897705,0.3479999899864197,0.28700000047683716,0.6549999713897705
2026-03-25,1.440000057220459,0.29100000858306885,0.29499998688697815,0.7020000219345093
2026-03-26,1.4149999618530273,0.22599999606609344,0.25099998712539673,0.7649999856948853
2026-03-27,1.4630000591278076,0.17299999296665192,0.19699999690055847,0.7670000195503235
2026-03-28,1.5709999799728394,0.17299999296665192,0.1809999942779541,0.7620000243186951
2026-03-29,1.593999981880188,0.18700000643730164,0.17499999701976776,0.7429999709129333
2026-03-30,1.5770000219345093,0.22100000083446503,0.1770000010728836,0.6859999895095825
2026-03-31,1.5570000410079956,0.2680000066757202,0.1770000010728836,0.6489999890327454
2026-04-01,1.600000023841858,0.30399999022483826,0.17599999904632568,0.6100000143051147
2026-04-02,1.6540000438690186,0.32100000977516174,0.18000000715255737,0.6399999856948853
2026-04-03,1.6390000581741333,0.33899998664855957,0.19900000095367432,0.6610000133514404
2026-04-04,1.6440000534057617,0.35899999737739563,0.22599999606609344,0.6859999895095825
2026-04-05,1.6890000104904175,0.37700000405311584,0.2630000114440918,0.6970000267028809
2026-04-06,1.7920000553131104,0.38499999046325684,0.3019999861717224,0.699999988079071
2026-04-07,1.878999948501587,0.40799999237060547,0.3319999873638153,0.6990000009536743
2026-04-08,1.88100004196167,0.4410000145435333,0.3499999940395355,0.6970000267028809
2026-04-09,1.8899999856948853,0.47999998927116394,0.31200000643730164,0.7319999933242798
2026-04-10,1.9259999990463257,0.5299999713897705,0.2840000092983246,0.7919999957084656
2026-04-11,1.9980000257492065,0.5789999961853027,0.29499998688697815,0.8629999756813049
2026-04-12,2.0320000648498535,0.6449999809265137,0.3930000066757202,0.9589999914169312
2026-04-13,2.0230000019073486,0.7200000286102295,0.4790000021457672,0.9819999933242798
2026-04-14,1.9850000143051147,0.7639999985694885,0.5440000295639038,0.9800000190734863
2026-04-15,1.9529999494552612,0.7639999985694885,0.6029999852180481,1.0019999742507935
2026-04-16,1.9450000524520874,0.746999979019165,0.6620000004768372,1.0740000009536743
2026-04-17,1.9900000095367432,0.7649999856948853,0.7160000205039978,1.1239999532699585
2026-04-18,2.0299999713897705,0.8050000071525574,0.7540000081062317,1.1540000438690186
2026-04-19,2.052000045776367,0.8870000243186951,0.8180000185966492,1.1790000200271606
2026-04-20,2.13700008392334,0.9980000257492065,0.8790000081062317,1.1859999895095825
2026-04-21,2.1670000553131104,1.0670000314712524,0.8970000147819519,1.1649999618530273
2026-04-22,2.11299991607666,1.1109999418258667,0.9110000133514404,1.1390000581741333
2026-04-23,2.0179998874664307,1.1349999904632568,0.8949999809265137,1.0850000381469727
2026-04-24,1.8480000495910645,1.1490000486373901,0.9100000262260437,1.0640000104904175
2026-04-25,1.6979999542236328,1.1610000133514404,0.9419999718666077,1.0169999599456787
2026-04-26,1.6200000047683716,1.1549999713897705,0.972000002861023,0.9810000061988831
2026-04-27,1.562999963760376,1.1169999837875366,0.972000002861023,0.9750000238418579
2026-04-28,1.5119999647140503,1.11899995803833,1.0049999952316284,1.0149999856948853
2026-04-29,1.4079999923706055,1.149999976158142,1.062999963760376,1.0729999542236328
2026-04-30,1.371999979019165,1.194000005722046,1.1139999628067017,1.0920000076293945
2026-05-01,1.465999960899353,1.2139999866485596,1.1019999980926514,1.0499999523162842
2026-05-02,1.5989999771118164,1.1920000314712524,1.0499999523162842,1.0490000247955322
2026-05-03,1.7139999866485596,1.1929999589920044,1.0260000228881836,1.065999984741211
2026-05-04,1.7890000343322754,1.2170000076293945,1.0410000085830688,1.100000023841858
2026-05-05,1.850000023841858,1.2230000495910645,1.031000018119812,1.0520000457763672
2026-05-06,1.8980000019073486,1.2029999494552612,0.9779999852180481,1.059000015258789
2026-05-07,1.9459999799728394,1.1729999780654907,0.9459999799728394,1.0850000381469727
2026-05-08,1.9609999656677246,1.156000018119812,0.9319999814033508,1.0950000286102295
2026-05-09,1.934000015258789,1.1859999895095825,0.9549999833106995,1.093000054359436
2026-05-10,1.9140000343322754,1.2400000095367432,0.9950000047683716,1.093000054359436
2026-05-11,1.972000002861023,1.2860000133514404,1.0149999856948853,1.0829999446868896
2026-05-12,2.0989999771118164,1.3070000410079956,1.0399999618530273,1.128999948501587
2026-05-13,2.1429998874664307,1.3029999732971191,1.0570000410079956,1.1430000066757202
2026-05-14,2.1610000133514404,1.2929999828338623,1.062999963760376,1.1799999475479126
2026-05-15,2.190000057220459,1.2879999876022339,1.0789999961853027,1.1990000009536743
2026-05-16,2.242000102996826,1.284999966621399,1.0880000591278076,1.2269999980926514
2026-05-17,2.26200008392334,1.2979999780654907,1.128000020980835,1.2580000162124634
2026-05-18,2.316999912261963,1.2699999809265137,1.1100000143051147,1.25600004196167
2026-05-19,2.319999933242798,1.2760000228881836,1.093000054359436,1.2239999771118164
2026-05-20,2.3329999446868896,1.2690000534057617,1.0670000314712524,1.1610000133514404
2026-05-21,2.3489999771118164,1.274999976158142,1.0529999732971191,1.1200000047683716
2026-05-22,2.3410000801086426,1.2979999780654907,1.0260000228881836,1.0950000286102295
2026-05-23,2.3440001010894775,1.3289999961853027,1.024999976158142,1.1030000448226929
2026-05-24,2.38100004196167,1.3539999723434448,1.055999994277954,1.1770000457763672
2026-05-25,2.3910000324249268,1.3650000095367432,1.0740000009536743,1.2350000143051147
2026-05-26,2.3929998874664307,1.3949999809265137,1.0920000076293945,1.2489999532699585
2026-05-27,2.4210000038146973,1.399999976158142,1.0959999561309814,1.2860000133514404
2026-05-28,2.4700000286102295,1.4259999990463257,1.1230000257492065,1.2740000486373901
2026-05-29,2.505000114440918,1.4550000429153442,1.1510000228881836,1.2890000343322754
2026-05-30,2.572000026702881,1.4800000190734863,1.1699999570846558,1.315000057220459
2026-05-31,2.6489999294281006,1.50600004196167,1.1920000314712524,1.3049999475479126
2026-06-01,2.7269999980926514,1.562999963760376,1.2769999504089355,1.3040000200271606
2026-06-02,2.746000051498413,1.6169999837875366,1.38100004196167,1.3530000448226929
2026-06-03,2.752000093460083,1.6540000438690186,1.4839999675750732,1.4119999408721924
2026-06-04,2.7109999656677246,1.7050000429153442,1.593999981880188,1.4830000400543213
2026-06-05,2.6579999923706055,1.7489999532699585,1.6579999923706055,1.5260000228881836
2026-06-06,2.6700000762939453,1.7690000534057617,1.687000036239624,1.5269999504089355
2026-06-07,2.746000051498413,1.7740000486373901,1.6820000410079956,1.527999997138977
2026-06-08,2.75600004196167,1.7860000133514404,1.6440000534057617,1.5019999742507935
2026-06-09,2.74399995803833,1.781999945640564,1.6360000371932983,1.4889999628067017
2026-06-10,2.8499999046325684,1.7960000038146973,1.6640000343322754,1.531999945640564
2026-06-11,2.8540000915527344,1.812999963760376,1.687999963760376,1.593999981880188
2026-06-12,2.8559999465942383,1.8700000047683716,1.7369999885559082,1.590999960899353
2026-06-13,2.9570000171661377,1.9190000295639038,1.7790000438690186,1.5980000495910645
2026-06-14,3.119999885559082,1.9620000123977661,1.8049999475479126,1.6369999647140503
2026-06-15,3.2809998989105225,2.0230000019073486,1.8250000476837158,1.6039999723434448
2026-06-16,3.3380000591278076,2.0840001106262207,1.850000023841858,1.555999994277954
2026-06-17,3.3010001182556152,2.1559998989105225,1.8990000486373901,1.5640000104904175
2026-06-18,3.2839999198913574,2.197000026702881,1.9259999990463257,1.5520000457763672
2026-06-19,3.2880001068115234,2.2130000591278076,1.9630000591278076,1.5540000200271606
2026-06-20,3.2669999599456787,2.2149999141693115,1.9600000381469727,1.5049999952316284
2026-06-21,3.2019999027252197,2.2049999237060547,1.9479999542236328,1.4730000495910645
2026-06-22,3.184999942779541,2.203000068664551,1.9609999656677246,1.4539999961853027
2026-06-23,3.2109999656677246,2.2279999256134033,1.968000054359436,1.4429999589920044
2026-06-24,3.2130000591278076,2.240999937057495,1.9559999704360962,1.3990000486373901
2026-06-25,3.194999933242798,2.249000072479248,1.9459999799728394,1.3899999856948853
2026-06-26,3.2060000896453857,2.253000020980835,1.9390000104904175,1.3660000562667847
2026-06-27,3.2639999389648438,2.2690000534057617,1.9459999799728394,1.3769999742507935
2026-06-28,3.325000047683716,2.234999895095825,1.9470000267028809,1.371999979019165
2026-06-29,3.3010001182556152,2.2009999752044678,1.9429999589920044,1.3609999418258667
2026-06-30,3.2990000247955322,2.2070000171661377,1.9429999589920044,1.3869999647140503
2026-07-01,3.4179999828338623,2.196000099182129,1.9040000438690186,1.2899999618530273
2026-07-02,3.437000036239624,2.246000051498413,1.871000051498413,1.2259999513626099
2026-07-03,3.3959999084472656,2.239000082015991,1.940000057220459,1.3350000381469727
2026-07-04,3.380000114440918,2.3550000190734863,1.9819999933242798,1.4110000133514404
2026-07-05,3.436000108718872,2.4210000038146973,2.0309998989105225,1.402999997138977
2026-07-06,3.380000114440918,2.4679999351501465,2.1429998874664307,1.4490000009536743
2026-07-07,3.2809998989105225,2.438999891281128,2.1689999103546143,1.4769999980926514
2026-07-08,3.303999900817871,2.506999969482422,2.191999912261963,1.4390000104904175
2026-07-09,3.375,2.506999969482422,2.2209999561309814,1.3700000047683716
2026-07-10,3.3929998874664307,2.503999948501587,2.2149999141693115,1.2719999551773071
2026-07-11,3.555999994277954,2.489000082015991,2.2109999656677246,1.3530000448226929
2026-07-12,3.5920000076293945,2.4769999980926514,2.181999921798706,1.3020000457763672
2026-07-13,3.6089999675750732,2.5169999599456787,2.1670000553131104,1.2339999675750732
2026-07-14,3.4019999504089355,2.453000068664551,2.1640000343322754,1.24399995803833
2026-07-15,3.3550000190734863,2.4560000896453857,2.2929999828338623,1.3489999771118164
